nthreads,throughput,actual,total,final,gif,swap,step,wrap,init
2,220257155.6,4.540000000000001,6.715999999999999,1.0306000000000002,2.12,0.0,3.4758000000000004,0.057800000000000004,0.0354
4,372565055.6,2.7,3.9619999999999997,1.2116,1.3130000000000002,0.0,1.3696,0.0354,0.0354
8,404812907.6,2.4899999999999998,3.536,1.057,1.3528,0.0,1.0572,0.0364,0.036
9,395851644.0,2.526,3.5140000000000002,0.9907999999999999,1.4502000000000002,0.0,1.0008,0.0356,0.0432
16,364800773.6,2.738,3.3200000000000003,1.1248,1.5248,0.0,0.5986,0.038,0.0378
